City_ID,City,Country,Lat,Lng,Max Temp,Humidity,Cloudiness,Wind Speed,Description
0,Ponta Do Sol,PT,32.67,-17.1,75.0,73,20,12.75,few clouds
1,Arraial Do Cabo,BR,-22.97,-42.03,69.8,94,90,12.75,mist
2,Avarua,CK,-21.21,-159.78,73.4,78,100,14.99,overcast clouds
3,Purepero,MX,19.92,-102.02,60.8,87,75,3.13,heavy intensity rain
4,Busselton,AU,-33.65,115.33,64.0,65,100,11.36,light rain
5,Qaanaaq,GL,77.48,-69.36,12.97,87,99,7.18,overcast clouds
6,Beloha,MG,-25.17,45.05,76.93,53,0,14.03,clear sky
7,Port Macquarie,AU,-31.43,152.92,61.0,81,3,6.93,clear sky
8,Xucheng,CN,20.35,110.13,73.4,83,0,4.47,light rain
9,Rikitea,PF,-23.12,-134.97,74.82,71,12,7.49,few clouds
10,Goianapolis,BR,-16.51,-49.02,77.0,78,90,6.93,light rain
11,Yellowknife,CA,62.46,-114.35,19.4,85,90,16.11,light snow
12,Kodiak,US,57.79,-152.41,32.0,90,1,11.41,clear sky
13,Thompson,CA,55.74,-97.86,14.0,85,90,17.22,light snow
14,Bowen,AU,-20.02,148.23,69.8,88,0,3.36,clear sky
15,Imbituba,BR,-28.24,-48.67,71.6,56,75,5.82,light rain
16,Tarut,SA,26.57,50.04,86.0,35,0,11.41,clear sky
17,Sorland,NO,67.67,12.69,48.06,78,0,22.15,clear sky
18,Hermanus,ZA,-34.42,19.23,69.01,53,0,5.99,clear sky
19,Douentza,ML,15.0,-2.95,97.68,9,0,8.97,clear sky
20,Dikson,RU,73.51,80.55,15.98,96,100,18.54,overcast clouds
21,Saint-Philippe,RE,-21.36,55.77,71.6,53,90,8.05,overcast clouds
22,Sangar,RU,63.92,127.47,-14.13,89,0,3.36,clear sky
23,Moose Factory,CA,51.26,-80.61,24.8,73,90,11.41,overcast clouds
24,Ankpa,NG,7.37,7.63,89.31,46,48,6.31,scattered clouds
25,Tahoua,NE,14.89,5.27,96.8,11,0,2.24,clear sky
26,Klaksvik,FO,62.23,-6.59,46.4,81,100,29.97,moderate rain
27,Victoria,HK,22.29,114.16,73.99,76,0,1.01,light rain
28,Ushuaia,AR,-54.8,-68.3,51.8,62,40,3.36,scattered clouds
29,Airai,TL,-8.93,125.41,61.88,96,10,0.96,clear sky
30,Nouadhibou,MR,20.93,-17.03,77.0,65,0,13.87,clear sky
31,Kodinar,IN,20.79,70.7,80.71,54,0,3.51,clear sky
32,Saint George,US,37.1,-113.58,42.8,35,1,2.04,clear sky
33,Albany,US,42.6,-73.97,41.0,100,20,3.36,fog
34,Vestmannaeyjar,IS,63.44,-20.27,44.6,81,20,14.99,few clouds
35,Sloboda,RU,51.14,40.3,52.92,96,100,9.93,heavy intensity rain
36,Port Alfred,ZA,-33.59,26.89,66.61,69,79,16.2,broken clouds
37,Constitucion,CL,-35.33,-72.42,66.24,59,0,3.42,clear sky
38,Butaritari,KI,3.07,172.79,81.03,75,60,17.25,broken clouds
39,Carnarvon,AU,-24.87,113.63,69.8,83,90,9.17,overcast clouds
40,Kununurra,AU,-15.77,128.73,82.4,69,43,2.24,scattered clouds
41,Goderich,CA,43.75,-81.72,37.4,55,49,10.29,scattered clouds
42,Yulara,AU,-25.24,130.99,75.2,17,61,11.41,broken clouds
43,Inta,RU,66.03,60.17,31.98,99,100,17.78,overcast clouds
44,Nikolskoye,RU,59.7,30.79,42.8,81,75,6.71,broken clouds
45,Bambous Virieux,MU,-20.34,57.76,69.8,68,40,13.87,shower rain
46,Punta Arenas,CL,-53.15,-70.92,51.8,71,0,10.29,clear sky
47,Poum,NC,-20.23,164.02,77.32,81,76,23.26,light rain
48,Alofi,NU,-19.06,-169.92,75.2,88,97,14.99,overcast clouds
49,Mataura,NZ,-46.19,168.86,45.0,83,5,4.0,clear sky
50,Namatanai,PG,-3.67,152.43,80.2,78,100,4.99,overcast clouds
51,Coihaique,CL,-45.58,-72.07,60.8,51,0,2.84,clear sky
52,Puerto Ayacucho,VE,5.66,-67.62,79.63,87,99,3.56,light rain
53,Geraldton,AU,-28.77,114.6,68.0,77,40,10.29,scattered clouds
54,Petatlan,MX,17.52,-101.27,75.2,88,40,1.28,scattered clouds
55,Grenfell,AU,-33.9,148.17,50.81,93,67,3.11,broken clouds
56,Severo-Kurilsk,RU,50.68,156.12,41.31,84,100,26.35,light rain
57,Bluff,NZ,-46.6,168.33,45.0,83,53,4.0,broken clouds
58,Sassandra,CI,4.95,-6.08,83.08,73,38,7.54,scattered clouds
59,Atuona,PF,-9.8,-139.03,78.1,76,23,18.79,few clouds
60,Nanortalik,GL,60.14,-45.24,29.73,90,10,14.47,clear sky
61,Port Elizabeth,ZA,-33.92,25.57,69.8,56,0,9.17,clear sky
62,Bara,NG,10.37,10.73,96.8,25,34,12.75,scattered clouds
63,East London,ZA,-33.02,27.91,68.0,64,20,13.87,few clouds
64,Kavieng,PG,-2.57,150.8,83.1,75,95,9.33,overcast clouds
65,Catuday,PH,16.29,119.81,80.17,75,100,2.39,overcast clouds
66,Pathalgaon,IN,22.57,83.47,69.78,68,0,5.59,clear sky
67,Vaini,TO,-21.2,-175.2,73.4,83,75,11.41,broken clouds
68,Ballina,AU,-28.87,153.57,64.0,88,0,8.34,clear sky
69,New Norfolk,AU,-42.78,147.06,54.0,68,72,1.99,broken clouds
70,Bam,IR,29.11,58.36,58.41,29,0,3.56,clear sky
71,Rocha,UY,-34.48,-54.33,66.07,52,1,5.68,clear sky
72,Lompoc,US,34.64,-120.46,46.4,93,20,5.82,few clouds
73,Dukat,RU,62.55,155.55,10.89,96,100,5.82,overcast clouds
74,Beyla,GN,8.68,-8.63,86.11,44,4,6.89,clear sky
75,Raudeberg,NO,61.99,5.14,51.8,53,100,17.22,overcast clouds
76,Gizo,SB,-8.1,156.84,82.17,74,88,7.25,overcast clouds
77,Tuktoyaktuk,CA,69.45,-133.04,-4.0,83,20,5.82,few clouds
78,Newport,GB,51.59,-3.0,55.99,84,49,3.0,scattered clouds
79,Ostrovnoy,RU,68.05,39.51,27.19,95,3,12.06,clear sky
80,Madimba,TZ,-10.4,40.33,77.0,88,75,5.82,broken clouds
81,Jamestown,US,42.1,-79.24,37.0,80,90,4.7,overcast clouds
82,Bredasdorp,ZA,-34.53,20.04,66.2,52,0,13.87,clear sky
83,Kaitangata,NZ,-46.28,169.85,48.0,78,3,5.01,clear sky
84,Bayanday,RU,53.07,105.51,20.97,87,88,12.37,overcast clouds
85,Nicolas Bravo,MX,18.45,-88.92,77.0,88,90,5.82,overcast clouds
86,Cidreira,BR,-30.18,-50.21,67.57,59,88,8.95,overcast clouds
87,Minbu,MM,20.18,94.88,78.71,80,73,3.67,broken clouds
88,Esperance,AU,-33.87,121.9,71.6,60,40,10.29,scattered clouds
89,Lebyazhye,RU,55.27,66.49,35.06,87,81,12.86,broken clouds
90,Hofn,IS,64.25,-15.21,43.14,78,100,10.13,overcast clouds
91,Lebu,CL,-37.62,-73.65,61.61,64,16,8.9,few clouds
92,Okhotsk,RU,59.38,143.3,17.17,87,0,10.25,clear sky
93,Mankono,CI,8.06,-6.19,90.41,45,52,6.06,broken clouds
94,Pangody,RU,65.85,74.49,32.41,98,100,13.62,light rain
95,Pevek,RU,69.7,170.31,12.97,97,100,10.13,overcast clouds
96,Luderitz,NA,-26.65,15.16,72.52,41,17,28.79,few clouds
97,Provideniya,RU,64.38,-173.3,20.91,87,89,5.84,overcast clouds
98,Kingsland,US,30.8,-81.69,72.0,86,71,7.0,broken clouds
99,College,US,64.86,-147.8,10.99,84,90,2.19,light snow
100,Castro,BR,-24.79,-50.01,60.96,76,100,6.24,overcast clouds
101,Buala,SB,-8.14,159.59,79.88,75,68,1.9,broken clouds
102,Ribeira Grande,PT,38.52,-28.7,71.6,88,75,19.46,broken clouds
103,Hobart,AU,-42.88,147.33,53.6,81,90,6.93,overcast clouds
104,Mahebourg,MU,-20.41,57.7,69.8,68,40,13.87,shower rain
105,Ketchikan,US,55.34,-131.65,46.4,93,90,17.22,light rain
106,Ukiah,US,39.15,-123.21,52.0,75,1,2.66,clear sky
107,Hithadhoo,MV,-0.6,73.08,83.66,72,100,8.14,light rain
108,Kapaa,US,22.08,-159.32,69.8,88,1,8.05,clear sky
109,Cabo Rojo,PR,18.09,-67.15,88.0,67,88,5.01,overcast clouds
110,Arlit,NE,18.74,7.39,92.44,11,0,20.38,clear sky
111,Luwuk,ID,-0.95,122.79,78.28,69,99,4.38,overcast clouds
112,Pudozh,RU,61.81,36.53,31.86,96,0,2.35,clear sky
113,Brae,GB,60.4,-1.35,53.6,87,75,39.15,broken clouds
114,Canon City,US,38.44,-105.24,46.99,46,0,8.01,clear sky
115,Nabire,ID,-3.37,135.48,77.76,88,100,3.76,moderate rain
116,Mar Del Plata,AR,-38.0,-57.56,68.0,45,0,6.93,clear sky
117,Salalah,OM,17.02,54.09,86.0,30,0,4.7,clear sky
118,Coquimbo,CL,-29.95,-71.34,53.6,87,90,8.05,overcast clouds
119,Sao Jose Da Coroa Grande,BR,-8.9,-35.15,83.28,68,86,10.83,overcast clouds
120,Ilanskiy,RU,56.24,96.06,19.0,86,19,2.48,few clouds
121,Upernavik,GL,72.79,-56.15,16.61,95,65,10.18,broken clouds
122,Tasiilaq,GL,65.61,-37.64,32.0,92,90,3.36,overcast clouds
123,Partyzany,UA,46.33,34.75,51.03,87,100,12.01,light rain
124,Zhanaozen,KZ,43.3,52.8,59.38,28,98,16.11,overcast clouds
125,Tiksi,RU,71.69,128.87,1.44,94,59,3.11,broken clouds
126,Cayenne,GF,4.93,-52.33,89.6,62,100,10.29,overcast clouds
127,Hailey,US,43.52,-114.32,33.8,47,5,6.93,clear sky
128,Shaowu,CN,27.34,117.48,62.06,75,32,0.89,light rain
129,Komsomolskiy,UZ,40.43,71.72,46.4,26,0,6.93,clear sky
130,Guerrero Negro,MX,27.98,-114.06,67.84,62,5,1.21,clear sky
131,Laguna,US,38.42,-121.42,44.6,81,1,2.37,clear sky
132,Cap-Aux-Meules,CA,47.38,-61.86,37.4,51,59,18.34,broken clouds
133,Ushtobe,KZ,45.25,77.98,43.03,60,0,11.97,clear sky
134,Tautira,PF,-17.73,-149.15,73.4,83,20,3.36,few clouds
135,Borazjan,IR,29.27,51.22,84.2,39,0,9.17,clear sky
136,Saint-Pierre,RE,-21.34,55.48,71.6,53,90,8.05,overcast clouds
137,Lac Du Bonnet,CA,50.25,-96.06,37.99,74,88,32.21,overcast clouds
138,Hilo,US,19.73,-155.09,73.4,78,75,4.7,broken clouds
139,Itupiranga,BR,-5.13,-49.33,86.0,79,75,5.82,moderate rain
140,Ivanivka,UA,46.72,34.55,50.52,86,100,10.42,light rain
141,Bethel,US,41.37,-73.41,37.0,74,1,4.05,clear sky
142,Kenai,US,60.55,-151.26,8.6,78,1,8.95,clear sky
143,Vanderhoof,CA,54.02,-124.02,32.58,94,100,1.45,overcast clouds
144,Griffith,US,41.53,-87.42,43.0,65,1,12.75,clear sky
145,Esfarayen,IR,37.08,57.51,64.4,16,0,4.7,clear sky
146,Kahone,SN,14.15,-16.03,99.84,13,100,8.57,overcast clouds
147,Zhigansk,RU,66.77,123.37,-11.76,89,79,0.2,broken clouds
148,Bucerias,MX,20.75,-105.33,80.01,88,5,5.82,clear sky
149,Abalak,RU,58.13,68.59,34.39,90,100,9.28,overcast clouds
150,Carroll,US,39.55,-77.02,45.0,75,90,3.36,overcast clouds
151,Peniche,PT,39.36,-9.38,73.99,74,77,1.99,broken clouds
152,Araguaina,BR,-7.19,-48.21,90.14,51,100,3.27,overcast clouds
153,Homer,US,59.64,-151.55,26.01,44,1,8.05,clear sky
154,Atar,MR,20.52,-13.05,98.56,9,0,13.51,clear sky
155,Chemax,MX,20.65,-87.93,78.17,95,58,5.06,moderate rain
156,Ahipara,NZ,-35.17,173.17,62.53,95,37,5.12,scattered clouds
157,Tateyama,JP,34.98,139.87,59.0,62,20,5.82,few clouds
158,Lucapa,AO,-8.42,20.74,82.24,64,87,3.47,overcast clouds
159,Rawson,AR,-43.3,-65.1,74.43,21,0,4.83,clear sky
160,Champerico,GT,14.3,-91.92,78.8,74,20,4.97,few clouds
161,Lagoa,PT,39.05,-27.98,68.67,92,98,27.6,overcast clouds
162,Gat,IL,31.61,34.76,78.01,100,30,12.12,scattered clouds
163,Fairmont,US,39.49,-80.14,45.0,93,40,2.86,scattered clouds
164,Chuy,UY,-33.7,-53.46,63.41,65,42,7.43,scattered clouds
165,Cockburn Town,TC,21.46,-71.14,82.89,80,88,18.07,overcast clouds
166,Nuevo Progreso,MX,23.17,-97.95,66.99,68,0,3.0,clear sky
167,Slave Lake,CA,55.28,-114.77,26.6,86,1,10.29,clear sky
168,Cape Town,ZA,-33.93,18.42,69.8,49,0,26.4,clear sky
169,Acheng,CN,45.55,126.98,44.6,61,0,15.66,clear sky
170,Ilulissat,GL,69.22,-51.1,15.8,72,75,4.7,broken clouds
171,Torbay,CA,47.67,-52.73,37.99,69,90,21.92,light shower snow
172,Celestun,MX,20.87,-90.4,78.04,79,95,10.4,overcast clouds
173,Tazovskiy,RU,67.47,78.7,34.38,99,100,12.28,light rain
174,Fortuna,US,40.6,-124.16,42.8,93,1,10.29,clear sky
175,Barrow,US,71.29,-156.79,19.4,85,90,4.7,overcast clouds
176,Saquena,PE,-4.67,-73.52,83.62,63,99,5.1,overcast clouds
177,Gogrial,SS,8.53,28.1,87.49,49,33,3.13,scattered clouds
178,Codrington,AU,-38.27,141.97,48.04,88,12,4.76,few clouds
179,Nuuk,GL,64.18,-51.72,21.2,73,40,5.82,scattered clouds
180,Saskylakh,RU,71.92,114.08,-3.95,83,1,5.61,clear sky
181,Hamilton,US,39.18,-84.53,46.0,61,20,10.29,few clouds
182,Chinchani,IN,19.87,72.7,79.57,63,0,5.1,clear sky
183,Kapchorwa,UG,1.4,34.45,64.33,81,100,2.84,overcast clouds
184,Susangerd,IR,31.56,48.18,78.8,22,0,2.24,clear sky
185,Jucuaran,SV,13.25,-88.25,69.15,100,90,2.59,overcast clouds
186,Gibgos,PH,13.86,123.77,81.97,82,100,28.23,heavy intensity rain
187,Harper,LR,4.38,-7.72,81.9,78,63,8.88,light rain
188,Puerto Ayora,EC,-0.74,-90.35,72.0,89,100,8.99,overcast clouds
189,Bengkulu,ID,-3.8,102.27,77.65,85,100,3.2,light rain
190,Gawler,AU,-34.6,138.73,52.0,82,0,3.0,clear sky
191,Georgetown,MY,5.41,100.34,82.4,83,40,2.24,moderate rain
192,Angoram,PG,-4.06,144.07,74.7,96,88,1.97,overcast clouds
193,Chokurdakh,RU,70.63,147.92,1.72,94,99,7.16,overcast clouds
194,Talakan,RU,50.32,130.37,37.09,93,100,10.11,moderate rain
195,Litovko,RU,49.24,135.17,40.14,82,100,5.99,overcast clouds
196,Adrar,MR,20.5,-10.07,93.52,11,96,10.87,overcast clouds
197,Jatiroto,ID,-7.88,111.12,75.18,86,95,3.94,light rain
198,Rio Gallegos,AR,-51.62,-69.22,59.0,47,0,10.29,clear sky
199,Cabo San Lucas,MX,22.89,-109.91,66.2,77,20,4.7,few clouds
200,Sao Filipe,CV,14.9,-24.5,82.2,59,78,18.12,broken clouds
201,Hami,CN,42.8,93.45,37.09,65,0,0.38,clear sky
202,Khatanga,RU,71.97,102.5,-6.93,87,96,6.51,overcast clouds
203,Chengzihe,CN,45.33,131.07,44.08,76,10,11.86,clear sky
204,Nome,US,64.5,-165.41,12.2,85,1,9.01,clear sky
205,Yar-Sale,RU,66.83,70.83,29.5,95,100,12.24,overcast clouds
206,Honiara,SB,-9.43,159.95,75.2,100,40,3.36,scattered clouds
207,Erenhot,CN,43.65,111.98,34.05,67,0,11.27,clear sky
208,Korla,CN,41.76,86.15,39.0,66,2,5.01,clear sky
209,Maryborough,AU,-25.53,152.7,75.99,82,6,4.0,clear sky
210,Iqaluit,CA,63.75,-68.51,21.2,79,90,6.93,light snow
211,Kuah,MY,6.33,99.84,84.2,83,20,11.86,few clouds
212,Camana,PE,-16.62,-72.71,68.11,69,95,8.41,overcast clouds
213,Tecpan,GT,14.76,-90.99,64.4,77,75,13.87,broken clouds
214,Buta,CD,2.79,24.73,77.63,94,47,2.55,light rain
215,Berlevag,NO,70.86,29.09,30.7,94,80,17.18,broken clouds
216,Bubaque,GW,11.28,-15.83,84.99,61,87,5.53,overcast clouds
217,Kendari,ID,-3.94,122.5,76.37,90,96,3.76,heavy intensity rain
218,Guatire,VE,10.48,-66.54,87.8,66,75,6.93,broken clouds
219,Gweta,BW,-20.18,25.23,98.01,10,2,10.22,clear sky
220,Pangnirtung,CA,66.15,-65.71,19.4,52,75,8.05,broken clouds
221,Shingu,JP,33.73,135.98,54.21,72,4,5.06,clear sky
222,Lashio,MM,22.93,97.75,67.12,98,80,1.41,light rain
223,Eydhafushi,MV,5.1,73.07,83.66,68,60,5.91,broken clouds
224,Rorvik,NO,64.86,11.24,46.99,75,81,15.01,broken clouds
225,Yinchuan,CN,38.47,106.27,46.08,43,0,4.81,clear sky
226,Inuvik,CA,68.35,-133.72,1.4,77,64,4.7,broken clouds
227,Santa Ana,US,33.75,-117.87,64.99,93,90,1.83,fog
228,Kalmunai,LK,7.42,81.82,81.09,78,71,3.11,broken clouds
229,Olga,RU,43.74,135.29,46.99,86,100,7.94,overcast clouds
230,Kinablangan,PH,7.69,126.55,79.27,82,93,5.41,overcast clouds
231,Shahr-E Babak,IR,30.12,55.12,52.54,36,0,7.09,clear sky
232,Dubbo,AU,-32.25,148.62,51.8,93,90,2.86,overcast clouds
233,Benguela,AO,-12.58,13.41,82.4,74,40,6.93,scattered clouds
234,Cherskiy,RU,68.75,161.3,7.38,87,100,4.09,overcast clouds
235,Maun,BW,-19.98,23.42,98.6,17,40,9.17,scattered clouds
236,Butembo,CD,0.15,29.28,65.14,97,74,1.54,light rain
237,Yaan,NG,7.38,8.57,91.63,43,12,3.56,few clouds
238,Zunyi,CN,27.69,106.91,57.38,93,100,2.64,overcast clouds
239,Jalu,LY,29.03,21.55,75.24,36,0,9.93,clear sky
240,Taltal,CL,-25.4,-70.48,64.51,57,35,6.69,scattered clouds
241,Carinhanha,BR,-14.3,-43.77,84.36,56,94,6.44,overcast clouds
242,Kidal,ML,18.44,1.41,93.52,11,10,17.45,clear sky
243,San Policarpo,PH,12.18,125.51,80.96,82,100,18.1,heavy intensity rain
244,Lavrentiya,RU,65.58,-171.0,19.62,92,20,9.1,few clouds
245,Voh,NC,-20.97,164.7,73.83,82,54,4.83,broken clouds
246,Karratha,AU,-20.74,116.85,71.76,83,0,14.09,clear sky
247,Fort Frances,CA,48.6,-93.4,39.99,69,90,11.41,overcast clouds
248,Guapi,CO,2.57,-77.89,81.0,82,95,3.67,moderate rain
249,Hollins,US,37.34,-79.94,46.99,70,90,8.05,overcast clouds
250,Souillac,MU,-20.52,57.52,69.8,68,40,13.87,shower rain
251,Lovington,US,32.94,-103.35,44.6,65,5,4.7,clear sky
252,Siloam Springs,US,36.19,-94.54,50.0,87,1,3.36,clear sky
253,Port-Gentil,GA,-0.72,8.78,84.2,74,40,14.99,scattered clouds
254,Kalangala,UG,-0.31,32.23,74.21,61,68,3.74,broken clouds
255,Sept-Iles,CA,50.2,-66.38,28.0,58,0,9.17,clear sky
256,Coahuayana,MX,18.73,-103.68,71.6,83,40,9.17,mist
257,Freistadt,AT,48.51,14.5,60.01,96,73,1.01,broken clouds
258,Hambantota,LK,6.12,81.12,82.4,94,90,3.36,haze
259,Sorong,ID,-0.88,131.25,81.07,83,49,11.25,scattered clouds
260,Daru,PG,-9.08,143.21,77.83,86,29,9.66,scattered clouds
261,Beringovskiy,RU,63.05,179.32,19.62,91,100,10.69,overcast clouds
262,Kharp,RU,66.8,65.81,26.26,96,32,9.42,scattered clouds
263,Bolobo,CD,-2.17,16.23,83.59,63,23,2.98,few clouds
264,Bartica,GY,6.4,-58.62,87.8,70,75,6.93,broken clouds
265,Mao,ES,39.89,4.27,68.0,68,0,8.05,clear sky
266,Astrakhan,RU,46.35,48.04,55.4,47,0,8.95,clear sky
267,Katsuura,JP,35.13,140.3,59.0,62,20,5.82,few clouds
268,Catamarca,AR,-28.47,-65.79,68.0,32,0,1.99,clear sky
269,Nioro,GM,13.35,-15.75,96.58,23,100,3.76,overcast clouds
270,San Ramon,US,37.78,-121.98,51.01,70,1,3.11,smoke
271,Caravelas,BR,-17.71,-39.25,81.72,65,99,8.9,moderate rain
272,Luena,AO,-11.78,19.92,82.4,58,40,5.82,scattered clouds
273,Port-Cartier,CA,50.03,-66.87,28.0,58,0,9.17,clear sky
274,Wenshang,CN,35.73,116.5,55.96,76,25,4.36,scattered clouds
275,Santiago Del Estero,AR,-27.8,-64.26,77.47,27,0,4.61,clear sky
276,Colares,PT,38.8,-9.45,70.0,73,20,5.82,few clouds
277,Paamiut,GL,61.99,-49.67,27.72,88,84,19.51,broken clouds
278,Lengyeltoti,HU,46.67,17.64,62.6,63,0,6.93,clear sky
279,Asau,RO,46.43,26.4,41.0,96,100,5.06,overcast clouds
280,Norman Wells,CA,65.28,-126.83,-2.2,84,20,4.7,few clouds
281,Kanker,IN,20.27,81.49,68.47,66,0,1.99,clear sky
282,Monterrey,MX,25.67,-100.32,57.99,76,5,2.06,clear sky
283,Dolores,AR,-36.31,-57.68,66.29,48,0,4.07,clear sky
284,Auki,SB,-8.77,160.7,77.94,85,44,3.85,scattered clouds
285,Aksarka,RU,66.56,67.8,27.37,96,33,13.85,scattered clouds
286,Craig,US,40.52,-107.55,28.4,79,40,0.4,scattered clouds
287,Karpathos,GR,35.51,27.21,69.8,43,0,19.46,clear sky
288,Kaduqli,SD,11.02,29.72,92.46,29,9,1.63,clear sky
289,Langsa,ID,4.47,97.97,77.72,85,100,1.59,overcast clouds
290,Vitim,RU,59.45,112.56,5.43,93,70,4.88,broken clouds
291,Eenhana,NA,-17.47,16.33,95.0,26,71,4.7,light rain
292,Saint-Gaudens,FR,43.08,0.67,75.2,33,0,4.7,clear sky
293,Ankara,TR,39.92,32.85,55.4,54,40,10.29,scattered clouds
294,Koslan,RU,63.46,48.9,33.94,90,98,8.08,overcast clouds
295,Baie-Comeau,CA,49.22,-68.15,26.6,58,1,9.17,clear sky
296,Bratsk,RU,56.13,101.61,12.2,85,75,8.95,light shower snow
297,Sitka,US,57.05,-135.33,50.0,87,90,20.8,mist
298,Dunedin,NZ,-45.87,170.5,48.0,79,0,11.05,clear sky
299,Nemuro,JP,43.32,145.57,46.76,67,55,6.46,broken clouds
300,Rio Grande,BR,-32.03,-52.1,69.8,60,40,11.41,scattered clouds
301,Longyearbyen,SJ,78.22,15.64,21.2,73,75,2.24,broken clouds
302,Kulynychi,UA,49.98,36.38,48.2,100,90,6.71,moderate rain
303,Te Anau,NZ,-45.42,167.72,43.93,83,41,5.57,scattered clouds
304,Ordzhonikidze,KZ,52.44,61.74,42.3,64,93,9.91,overcast clouds
305,Carutapera,BR,-1.2,-46.02,89.35,54,10,10.76,clear sky
306,Port Blair,IN,11.67,92.75,80.8,82,28,8.05,scattered clouds
307,San Cristobal,VE,7.77,-72.22,68.85,89,100,2.55,light rain
308,Nago,JP,26.59,127.98,71.6,73,90,5.82,light intensity drizzle
309,Novyy Urengoy,RU,66.08,76.63,33.64,97,100,16.42,light rain
310,Aripuana,BR,-9.17,-60.63,87.91,57,100,3.56,light rain
311,Skjervoy,NO,70.03,20.97,42.89,67,100,13.06,overcast clouds
312,Nyurba,RU,63.28,118.33,-2.69,92,77,2.73,broken clouds
313,Kuala Lipis,MY,4.18,102.05,75.33,93,99,0.83,overcast clouds
314,Oranjemund,NA,-28.55,16.43,65.57,57,0,23.35,clear sky
315,Vao,NC,-22.67,167.48,73.11,82,97,19.19,overcast clouds
316,Bandarbeyla,SO,9.49,50.81,78.08,78,69,12.73,broken clouds
317,Paita,PE,-5.09,-81.11,66.2,82,90,14.99,overcast clouds
318,Ossora,RU,59.24,163.07,32.29,96,100,1.68,overcast clouds
319,Padang,ID,-0.95,100.35,79.84,72,100,3.02,moderate rain
320,Maralal,KE,1.1,36.7,66.85,63,22,13.49,few clouds
321,Suileng,CN,47.25,127.08,41.31,65,0,15.55,clear sky
322,Maragogi,BR,-9.01,-35.22,83.41,67,92,11.9,overcast clouds
323,Sinjai,ID,-5.12,120.25,76.64,85,80,2.64,light rain
324,Aklavik,CA,68.22,-135.01,-2.2,77,75,5.82,broken clouds
325,Faanui,PF,-16.48,-151.75,78.51,76,28,18.34,scattered clouds
326,Dreux,FR,48.67,1.25,64.0,77,100,19.46,moderate rain
327,Cururupu,BR,-1.83,-44.87,92.16,43,59,8.86,broken clouds
328,Chara,RU,56.91,118.26,10.42,90,100,1.61,overcast clouds
329,Chifeng,CN,42.27,118.96,40.21,52,0,9.57,clear sky
330,Tukums,LV,56.97,23.16,48.2,87,90,5.82,overcast clouds
331,Havre,FR,49.58,0.33,59.0,93,100,14.99,light rain
332,Itoman,JP,26.12,127.67,73.4,69,75,10.29,broken clouds
333,Hualmay,PE,-11.1,-77.61,67.8,69,98,9.51,overcast clouds
334,Banda Aceh,ID,5.56,95.32,80.94,77,100,8.5,light rain
335,Gornja Radgona,SI,46.67,15.99,68.0,45,0,3.36,clear sky
336,Handan,CN,36.6,114.47,55.96,34,0,2.35,clear sky
337,Emerald,AU,-23.53,148.17,71.6,30,0,10.29,light rain
338,Kahului,US,20.89,-156.47,78.8,65,40,8.05,scattered clouds
339,Kalofer,BG,42.62,24.98,62.6,51,75,18.34,broken clouds
340,Kyzyl-Suu,KG,42.34,78.01,37.18,62,0,8.3,clear sky
341,Gladstone,AU,-23.85,151.25,75.2,83,75,8.05,broken clouds
342,Port Hardy,CA,50.7,-127.42,46.4,100,75,2.24,broken clouds
343,Sovetskiy,RU,61.36,63.58,33.53,97,65,6.62,broken clouds
344,Kyabe,TD,9.45,18.94,92.89,37,53,3.15,broken clouds
345,Qasigiannguit,GL,68.82,-51.19,15.8,72,75,4.7,broken clouds
346,Mapiri,BO,-15.25,-68.17,74.8,45,97,2.01,overcast clouds
347,Akyab,MM,20.15,92.9,81.18,78,100,3.04,moderate rain
348,Hirara,JP,24.8,125.28,77.81,71,0,21.21,clear sky
349,Waipawa,NZ,-41.41,175.52,60.8,72,14,14.99,few clouds
350,Siyana,IN,28.63,78.06,73.69,32,0,3.87,clear sky
351,Maxixe,MZ,-23.86,35.35,77.41,65,3,15.01,clear sky
352,Pa Sang,TH,18.53,98.94,77.0,88,40,3.36,scattered clouds
353,Cedar City,US,37.68,-113.06,32.0,45,1,1.61,clear sky
354,Mahon,ES,39.89,4.27,68.0,68,0,8.05,clear sky
355,Mayo,US,38.89,-76.51,46.0,75,90,6.93,overcast clouds
356,Mount Isa,AU,-20.73,139.5,71.6,19,0,14.65,clear sky
357,Doboz,HU,46.73,21.25,52.0,75,8,3.0,clear sky
358,Iracoubo,GF,5.48,-53.2,86.04,69,99,11.59,overcast clouds
359,Avera,US,33.19,-82.53,53.6,62,90,10.29,overcast clouds
360,Shihezi,CN,44.3,86.03,40.66,62,0,3.76,clear sky
361,Tiznit,MA,29.58,-9.5,81.57,16,0,13.04,clear sky
362,Kamaishi,JP,39.27,141.88,49.96,70,0,6.38,clear sky
363,Bima,ID,-8.47,118.72,77.29,73,71,0.87,light rain
364,Phan Thiet,VN,10.93,108.1,78.01,86,58,7.31,broken clouds
365,Methoni,GR,36.82,21.7,72.0,46,40,6.93,scattered clouds
366,Bereda,ES,43.27,-7.54,66.0,83,100,17.0,overcast clouds
367,Sarkand,KZ,45.41,79.92,42.15,60,0,2.1,clear sky
368,Clyde River,CA,70.47,-68.59,17.6,92,90,10.29,light snow
369,Kruisfontein,ZA,-34.0,24.73,66.99,63,29,7.0,scattered clouds
370,Ottawa,CA,45.41,-75.7,34.0,79,5,4.7,clear sky
371,Marsala,IT,37.8,12.44,69.8,73,20,12.75,few clouds
372,Alice,US,27.75,-98.07,60.8,82,1,4.7,clear sky
373,Jinhua,CN,29.11,119.65,58.57,72,5,2.35,light rain
374,Rosetta,EG,31.4,30.42,78.8,54,40,13.87,scattered clouds
375,Babanka,UA,48.71,30.45,47.73,77,100,12.37,overcast clouds
376,Bonavista,CA,48.65,-53.11,36.0,69,100,8.05,overcast clouds
377,Leningradskiy,RU,69.38,178.42,19.22,93,95,11.74,overcast clouds
378,Guararapes,BR,-21.26,-50.64,81.97,51,39,12.26,scattered clouds
379,Kolokani,ML,13.57,-8.03,96.39,14,29,10.33,scattered clouds
380,Ayan,RU,56.45,138.17,26.04,88,100,7.81,overcast clouds
381,Moshny,UA,49.51,31.75,47.82,90,100,11.79,light rain
382,Hasaki,JP,35.73,140.83,46.4,87,20,5.82,few clouds
383,Manali,IN,13.17,80.27,82.4,74,20,2.24,mist
384,Tabou,CI,4.42,-7.35,81.84,76,79,8.23,broken clouds
385,Panzhihua,CN,26.59,101.71,69.62,71,59,2.06,broken clouds
386,Kyra,RU,49.58,111.98,24.37,86,91,5.86,overcast clouds
387,Newtownards,GB,54.59,-5.69,52.0,71,86,31.09,overcast clouds
388,Qaqortoq,GL,60.72,-46.03,24.8,73,75,2.24,broken clouds
389,Finschhafen,PG,-6.6,147.87,79.2,79,100,6.96,overcast clouds
390,Maumere,ID,-8.62,122.21,81.21,74,69,5.57,broken clouds
391,Lyskovo,RU,56.03,45.04,40.33,92,67,5.41,broken clouds
392,Taoudenni,ML,22.68,-3.98,93.02,11,100,8.81,overcast clouds
393,Praia Da Vitoria,PT,38.73,-27.07,73.4,83,75,19.64,broken clouds
394,Dhidhdhoo,MV,6.88,73.1,83.82,68,99,7.7,overcast clouds
395,Shakhunya,RU,57.68,46.61,38.62,93,100,6.11,overcast clouds
396,Sola,VU,-13.88,167.55,80.74,81,43,20.27,scattered clouds
397,Husavik,IS,66.04,-17.34,44.6,65,20,11.41,few clouds
398,Jacqueville,CI,5.21,-4.41,86.0,74,40,8.05,light rain
399,Warri,NG,5.52,5.75,83.95,74,91,8.88,moderate rain
400,Meadow Lake,US,34.8,-106.54,51.01,70,20,1.9,few clouds
401,Kapoeta,SS,4.77,33.59,88.29,36,22,13.78,few clouds
402,Davila,PH,18.47,120.58,76.35,73,88,22.5,overcast clouds
403,Hovd,MN,48.01,91.64,28.24,84,0,1.32,clear sky
404,Tuatapere,NZ,-46.13,167.68,45.0,83,3,4.0,clear sky
405,Prijedor,BA,44.98,16.71,68.0,52,0,5.82,clear sky
406,Kuhdasht,IR,33.53,47.61,73.4,11,0,6.93,clear sky
407,Shelopugino,RU,51.65,117.56,23.11,95,100,5.84,overcast clouds
408,Flinders,AU,-34.58,150.86,60.01,88,32,4.0,scattered clouds
409,Blythe,US,33.61,-114.6,51.8,32,1,4.29,clear sky
410,San Patricio,US,28.02,-97.52,60.01,82,20,6.93,few clouds
411,Antofagasta,CL,-23.65,-70.4,68.0,67,40,6.93,scattered clouds
412,Salym,RU,60.06,71.48,33.12,94,96,8.01,overcast clouds
413,Dubrovka,RU,53.69,33.51,46.4,87,75,8.95,broken clouds
414,Cairns,AU,-16.92,145.77,73.4,88,40,1.12,scattered clouds
415,Argos,GR,37.63,22.73,69.01,40,1,1.52,clear sky
416,Morehead,US,37.27,-87.18,50.0,71,1,5.82,clear sky
417,Ouadda,CF,8.08,22.4,81.23,68,36,1.81,light rain
418,Sobolevo,RU,54.43,31.9,47.88,85,100,9.1,light rain
419,Severo-Yeniseyskiy,RU,60.37,93.04,4.59,94,0,4.56,clear sky
420,Corozal,CO,9.32,-75.29,81.0,83,50,9.66,light rain
421,Richards Bay,ZA,-28.78,32.04,67.98,75,100,9.62,overcast clouds
422,Bardiyah,LY,31.76,25.09,71.1,61,23,11.43,few clouds
423,Santa Cruz,BO,-17.8,-63.17,82.4,32,1,28.86,clear sky
424,Fare,PF,-16.7,-151.02,79.07,75,12,17.9,few clouds
425,Nalut,LY,30.33,10.85,73.78,26,0,8.7,clear sky
426,Hobyo,SO,5.35,48.53,82.58,72,99,8.77,light rain
427,Mmabatho,ZA,-25.85,25.63,84.2,28,75,14.99,broken clouds
428,Jizan,SA,17.33,42.67,89.6,66,20,13.87,few clouds
429,Grindavik,IS,63.84,-22.43,44.6,81,40,14.99,scattered clouds
430,Urucara,BR,-2.54,-57.76,97.07,38,73,5.3,broken clouds
431,Tual,ID,-5.67,132.75,83.14,76,40,13.49,scattered clouds
432,Ust-Ishim,RU,57.69,71.17,34.57,88,100,7.76,overcast clouds
433,Azad Shahr,IR,34.79,48.57,50.74,44,0,2.1,clear sky
434,Krasnoselkup,RU,65.7,82.47,31.91,98,100,23.15,light rain
435,Grand Gaube,MU,-20.01,57.66,69.01,66,0,1.99,clear sky
436,Miyako,JP,39.64,141.95,47.25,74,0,6.6,clear sky
437,Mirskoy,RU,45.54,40.4,61.93,74,100,7.49,overcast clouds
438,Comodoro Rivadavia,AR,-45.87,-67.5,60.8,67,0,4.7,clear sky
439,Semnan,IR,35.57,53.4,59.92,32,0,0.58,clear sky
440,Dingle,PH,11.0,122.67,76.33,86,100,5.75,overcast clouds
441,Pisco,PE,-13.7,-76.22,64.99,82,90,6.93,overcast clouds
442,Ust-Nera,RU,64.57,143.2,-4.63,82,100,1.5,overcast clouds
443,Springdale,US,36.19,-94.13,51.01,87,1,3.36,clear sky
444,Inhambane,MZ,-23.86,35.38,77.29,67,4,15.77,clear sky
445,Alice Springs,AU,-23.7,133.88,66.2,24,31,8.05,scattered clouds
446,Egvekinot,RU,66.32,-179.17,12.51,81,58,4.38,broken clouds
447,Alyangula,AU,-13.85,136.42,75.2,94,0,7.02,clear sky
448,Suslovo,RU,56.22,88.12,32.77,99,100,7.58,overcast clouds
449,Chivilcoy,AR,-34.9,-60.02,68.0,44,0,5.01,clear sky
450,Morgan City,US,29.7,-91.21,63.0,93,1,4.7,clear sky
451,Verkhoturye,RU,58.86,60.81,35.87,89,90,7.99,overcast clouds
452,Ozuluama,MX,21.67,-97.85,66.2,63,5,8.05,clear sky
453,Vardo,NO,70.37,31.11,33.8,74,75,16.11,broken clouds
454,Samarai,PG,-10.62,150.67,80.49,85,64,9.44,broken clouds
455,Mokhsogollokh,RU,61.47,128.92,-12.28,89,0,0.31,clear sky
456,Lubango,AO,-14.92,13.49,67.87,73,100,6.6,moderate rain
457,Barcelos,PT,41.54,-8.62,68.0,88,75,10.29,broken clouds
458,Lutin,CZ,49.56,17.14,53.01,94,100,1.57,overcast clouds
459,Festus,US,38.22,-90.4,52.0,79,3,8.43,clear sky
460,Kokopo,PG,-4.35,152.26,77.77,82,100,3.65,overcast clouds
461,Bilma,NE,18.69,12.92,87.4,13,0,6.15,clear sky
462,Agadez,NE,19.75,10.25,84.11,15,0,12.1,clear sky
463,Hervey Bay,AU,-25.3,152.85,75.99,82,6,4.0,clear sky
464,Tecoanapa,MX,16.52,-98.75,80.64,73,8,1.9,clear sky
465,Zhoucheng,CN,35.91,116.31,56.23,78,45,3.65,scattered clouds
466,Belaya Gora,RU,68.53,146.42,-7.35,92,100,5.21,overcast clouds
467,Ulladulla,AU,-35.35,150.47,59.0,87,75,8.05,light rain
468,Pokrovsk,UA,48.28,37.18,55.26,90,100,7.61,overcast clouds
469,Jiexiu,CN,37.02,111.91,48.07,44,1,4.18,clear sky
470,Narsaq,GL,60.92,-46.05,24.8,73,75,2.24,broken clouds
471,Kamenka,RU,51.32,42.77,51.64,89,100,8.05,light rain
472,Burley,US,42.54,-113.79,42.8,56,1,11.41,clear sky
473,Novobirilyussy,RU,56.95,90.67,20.43,97,79,4.25,broken clouds
474,Moron,AR,-34.65,-58.62,72.0,36,0,1.01,clear sky
475,Mount Pleasant,US,32.79,-79.86,66.0,77,1,4.7,clear sky
476,Kloulklubed,PW,7.04,134.26,82.4,78,75,8.05,broken clouds
477,Krasnoye-Na-Volge,RU,57.51,41.24,44.6,87,90,4.47,overcast clouds
478,Porbandar,IN,21.64,69.61,83.57,40,0,6.98,clear sky
479,Sao Joao Da Barra,BR,-21.64,-41.05,75.2,78,90,11.41,overcast clouds
480,Port Lincoln,AU,-34.73,135.87,54.84,83,1,11.48,clear sky
481,Amapa,BR,1.0,-52.0,97.25,29,0,6.64,clear sky
482,Krivosheino,RU,57.34,83.93,33.87,95,100,9.73,overcast clouds
483,Thoen,TH,17.61,99.22,74.12,90,32,1.19,scattered clouds
484,Muros,ES,42.78,-9.06,63.0,91,100,18.01,overcast clouds
485,Chipinge,ZW,-20.19,32.62,78.19,34,7,10.29,clear sky
486,Elizabeth City,US,36.29,-76.25,57.99,71,20,12.75,few clouds
487,Lang Suan,TH,9.95,99.08,77.97,86,100,2.06,light rain
488,Pinega,RU,64.7,43.39,30.92,96,0,5.32,clear sky
489,Pipri,IN,19.8,75.53,78.8,57,75,7.05,haze
490,Chitradurga,IN,14.23,76.4,73.11,67,40,7.7,scattered clouds
491,Marsa Matruh,EG,31.35,27.25,75.2,53,40,9.17,scattered clouds
492,Tuxpan,MX,19.55,-103.4,71.6,83,40,9.17,mist
493,Pacific Grove,US,36.62,-121.92,46.4,87,1,4.7,clear sky
494,Hibbing,US,47.43,-92.94,37.4,69,1,10.29,clear sky
495,Waddan,LY,29.16,16.14,73.92,37,0,10.78,clear sky
496,Cap Malheureux,MU,-19.98,57.61,69.01,66,0,1.99,clear sky
497,Mount Gambier,AU,-37.83,140.77,42.8,93,25,4.18,scattered clouds
498,Saint-Leu,RE,-21.15,55.28,71.6,53,90,8.05,overcast clouds
499,Praia,CV,14.92,-23.51,84.2,58,75,26.4,broken clouds
500,Najran,SA,17.49,44.13,80.6,21,0,9.17,clear sky
501,Bilibino,RU,68.05,166.44,-1.05,86,9,2.26,clear sky
502,Los Llanos De Aridane,ES,28.66,-17.92,80.6,57,0,9.17,clear sky
503,Mogadishu,SO,2.04,45.34,82.4,69,75,9.17,broken clouds
504,Imeni Babushkina,RU,59.76,43.13,31.69,97,21,4.99,few clouds
505,Zhangjiakou,CN,40.81,114.88,42.12,51,53,9.28,broken clouds
506,Timmins,CA,48.47,-81.33,24.8,79,75,10.29,broken clouds
507,Broken Hill,AU,-31.95,141.43,57.2,71,0,11.65,clear sky
508,Emba,KZ,48.83,58.14,49.08,43,96,10.45,overcast clouds
509,Sistranda,NO,63.73,8.83,46.4,75,75,18.34,broken clouds
510,Hvolsvollur,IS,63.75,-20.22,44.6,81,20,14.99,few clouds
511,King City,US,36.21,-121.13,46.4,75,1,8.05,clear sky
512,Saint-Francois,FR,46.42,3.91,68.0,60,0,2.24,clear sky
513,Puerto Baquerizo Moreno,EC,-0.9,-89.6,68.65,90,100,13.0,overcast clouds
514,Camacha,PT,33.08,-16.33,73.4,73,20,10.29,few clouds
515,Bay Roberts,CA,47.6,-53.26,35.01,79,100,8.01,overcast clouds
516,Awbari,LY,26.59,12.78,73.6,31,0,10.63,clear sky
517,Margate,GB,51.38,1.39,57.99,92,89,11.01,light rain
518,Kenitra,MA,34.26,-6.58,71.6,64,0,5.82,clear sky
519,Beitbridge,ZW,-22.22,30.0,90.18,27,0,18.68,clear sky
520,Lida,BY,53.88,25.3,48.27,84,78,5.88,broken clouds
521,Portland,US,45.52,-122.68,41.0,93,90,4.7,mist
522,Half Moon Bay,US,37.46,-122.43,51.01,93,90,3.36,fog
523,The Valley,AI,18.22,-63.06,86.0,74,75,16.11,haze
524,Clarence Town,AU,-32.58,151.78,59.0,87,40,5.82,scattered clouds
525,Bastrop,US,32.76,-91.87,51.8,81,1,5.61,clear sky
526,Jasper,US,37.2,-94.35,54.0,76,1,12.75,clear sky
527,Bathsheba,BB,13.22,-59.52,84.2,79,40,17.22,shower rain
528,Arinos,BR,-15.92,-46.11,76.84,80,100,7.49,overcast clouds
529,Broome,US,42.25,-75.83,39.0,36,0,0.63,clear sky
530,Wangqing,CN,43.32,129.76,40.98,86,68,5.77,broken clouds
531,Verkhoyansk,RU,67.54,133.38,-8.36,88,90,5.17,overcast clouds
532,Svetlogorsk,BY,52.63,29.73,48.43,90,100,7.78,overcast clouds
533,Busca,IT,44.52,7.47,66.99,72,100,3.36,overcast clouds
534,Sakaiminato,JP,35.55,133.23,50.0,87,75,5.82,broken clouds
535,Medea,DZ,36.26,2.75,75.2,47,0,8.05,clear sky
536,La Ronge,CA,55.1,-105.28,17.6,85,98,8.05,overcast clouds
537,Ola,RU,59.58,151.28,33.01,95,100,13.78,overcast clouds
538,Yekaterinovka,RU,52.05,44.35,47.14,88,71,7.0,broken clouds
539,Faya,SA,18.39,42.45,71.6,60,40,11.41,scattered clouds
540,San Joaquin,US,37.93,-121.3,48.99,70,1,1.97,clear sky
541,Montivilliers,FR,49.55,0.19,59.0,93,100,14.99,moderate rain
542,Khandbari,NP,27.37,87.2,67.93,39,62,4.85,broken clouds
543,Tarakan,ID,3.3,117.63,81.9,78,100,6.76,overcast clouds
544,Soderhamn,SE,61.3,17.06,45.0,97,92,3.06,overcast clouds
545,Monte Alegre,BR,-2.01,-54.07,92.64,36,56,7.38,broken clouds
546,Northport,US,33.23,-87.58,57.0,76,1,5.82,clear sky
547,Chita,RU,52.03,113.55,28.4,63,100,4.47,overcast clouds
548,Kommunar,RU,59.62,30.39,42.8,81,75,6.71,broken clouds
549,Hirna,ET,9.22,41.1,67.35,50,100,4.23,overcast clouds
550,Russell,US,32.35,-85.2,55.99,62,75,8.05,broken clouds
551,Khvorostyanka,RU,52.61,48.96,44.44,69,100,4.25,light rain
552,Sinnar,SD,13.57,33.57,95.23,22,96,10.49,overcast clouds
553,Saldanha,ZA,-33.01,17.94,77.0,27,0,20.8,clear sky
554,Waterfoot,GB,53.69,-2.25,51.01,79,98,10.0,overcast clouds
555,Kudahuvadhoo,MV,2.67,72.89,83.73,71,32,6.62,scattered clouds
556,Mbaiki,CF,3.87,17.99,83.71,64,19,2.95,light rain
557,Ekhabi,RU,53.51,142.97,33.19,93,94,6.98,overcast clouds
558,Antalaha,MG,-14.9,50.28,72.28,72,50,12.46,scattered clouds
559,Saryg-Sep,RU,51.5,95.6,23.45,95,100,1.32,overcast clouds
560,Vostok,RU,46.49,135.88,31.95,96,100,4.94,overcast clouds
561,Sorkjosen,NO,69.8,20.93,38.26,75,100,11.39,overcast clouds
562,Salaverry,PE,-8.23,-78.97,60.8,87,90,6.93,mist
563,Znamenskoye,RU,57.13,73.83,33.33,93,95,7.92,overcast clouds
564,Jinxiang,CN,27.43,120.61,63.88,82,28,6.98,scattered clouds
565,Trincomalee,LK,8.57,81.23,82.6,73,95,9.64,light rain
566,Yunhe,CN,34.08,119.72,61.16,61,95,4.99,overcast clouds
567,Muscat,OM,23.61,58.59,80.6,57,0,5.82,clear sky
568,Zhob,PK,31.34,69.45,57.7,26,0,3.27,clear sky
569,Havre-Saint-Pierre,CA,50.23,-63.6,28.4,58,1,11.41,clear sky
570,Haines Junction,CA,60.75,-137.51,14.0,85,100,1.12,snow
571,Morant Bay,JM,17.88,-76.41,84.2,79,40,6.93,scattered clouds
572,Santa Isabel Do Rio Negro,BR,-0.41,-65.02,93.99,46,94,4.25,overcast clouds
573,Viedma,AR,-40.81,-63.0,80.01,29,0,4.0,clear sky
574,Banikoara,BJ,11.3,2.44,97.77,16,91,6.8,overcast clouds
575,Antsohihy,MG,-14.88,47.99,81.72,41,83,13.82,broken clouds
576,Tura,IN,25.52,90.22,73.27,95,100,1.92,light rain
577,Kavaratti,IN,10.57,72.64,83.16,71,69,4.9,broken clouds
578,Malacky,SK,48.44,17.02,57.99,88,99,4.38,overcast clouds
579,Bashmakovo,RU,53.21,43.03,45.21,86,82,6.87,broken clouds
580,Kieta,PG,-6.22,155.63,78.91,78,90,0.67,overcast clouds
581,Doume,CM,4.23,13.45,83.55,55,24,4.68,few clouds
582,Yenagoa,NG,4.92,6.26,83.44,78,70,4.76,moderate rain
583,Wajid,SO,3.81,43.25,81.27,62,17,10.07,few clouds
584,Umm Lajj,SA,25.02,37.27,81.7,65,0,3.29,clear sky
585,Invermere,CA,50.52,-116.04,32.9,88,30,0.87,scattered clouds
586,Tagusao,PH,9.19,117.81,79.77,81,99,3.51,overcast clouds
587,Messina,IT,38.19,15.55,69.8,56,20,6.93,few clouds
588,Ziarat,PK,30.38,67.73,41.43,52,0,1.95,clear sky
589,Wewak,PG,-3.55,143.63,79.9,82,63,5.61,light rain
590,Touros,BR,-5.2,-35.46,84.2,70,75,17.22,broken clouds
591,Boz,FR,46.41,4.91,66.99,70,0,3.49,clear sky
592,Lensk,RU,60.73,114.93,0.28,90,69,3.44,broken clouds
593,Roald,NO,62.58,6.13,48.2,70,0,8.05,clear sky
594,Gorontalo,ID,0.54,123.06,77.92,79,100,2.95,overcast clouds
595,Caranavi,BO,-15.82,-67.55,67.23,67,99,1.63,overcast clouds
596,Wanning,CN,18.8,110.4,74.03,84,16,8.46,few clouds
597,Sao Felix Do Xingu,BR,-6.64,-51.99,92.68,48,100,2.08,overcast clouds
598,Moree,AU,-29.47,149.85,57.2,67,0,7.61,clear sky
599,Bastos,BR,-21.92,-50.73,80.51,51,42,13.73,scattered clouds
600,Shetpe,KZ,44.17,52.12,57.97,30,100,13.18,overcast clouds
601,Fairbanks,US,64.84,-147.72,10.99,85,90,2.19,light snow
602,Nicoya,CR,10.15,-85.45,77.0,100,40,3.36,scattered clouds
603,Montijo,PT,38.71,-8.97,71.6,68,20,2.24,few clouds
604,Manokwari,ID,-0.87,134.08,80.85,79,100,6.17,overcast clouds
605,Miramar,US,25.99,-80.23,82.0,100,90,4.7,overcast clouds
606,Peleduy,RU,59.63,112.74,6.75,93,86,5.23,overcast clouds
607,Valdez,EC,1.25,-78.98,78.46,82,100,8.16,overcast clouds
608,Vila Velha,BR,-20.33,-40.29,73.4,88,90,4.7,overcast clouds
609,Isangel,VU,-19.55,169.27,75.0,81,87,14.47,overcast clouds
610,Podosinovets,RU,60.28,47.07,30.31,96,29,6.71,scattered clouds
611,Oksfjord,NO,70.24,22.35,35.6,77,100,14.99,overcast clouds
612,Spencer,US,43.14,-95.14,46.99,80,1,12.75,clear sky
613,Young,UY,-32.68,-57.63,72.0,45,3,3.0,clear sky
614,Babu,CN,24.42,111.52,66.94,84,14,3.38,few clouds
615,Mangan,IN,27.52,88.53,68.31,28,61,7.49,broken clouds
616,Atherton,GB,53.52,-2.49,55.99,60,94,8.99,overcast clouds
617,Bac Lieu,VN,9.29,105.72,79.65,87,62,9.64,light rain
618,Southbridge,US,42.08,-72.03,34.0,47,1,3.36,clear sky
619,Kaeo,NZ,-35.1,173.78,60.01,95,49,6.31,scattered clouds
620,Amarante Do Maranhao,BR,-5.57,-46.74,94.77,37,99,3.6,light rain
621,Christchurch,NZ,-43.53,172.63,53.6,87,92,6.93,overcast clouds
622,Ashland,US,40.82,-82.27,39.99,64,1,10.29,clear sky
623,Tigil,RU,57.8,158.67,31.73,89,100,5.86,overcast clouds
624,Saint-Joseph,RE,-21.37,55.62,71.6,53,90,8.05,overcast clouds
625,Reconquista,AR,-29.15,-59.65,73.42,45,0,9.08,clear sky
626,Petropavlovsk-Kamchatskiy,RU,53.05,158.65,39.2,69,75,11.18,broken clouds
627,Brookings,US,44.31,-96.8,43.0,80,1,8.05,clear sky
628,Lorengau,PG,-2.02,147.27,80.91,75,26,4.12,scattered clouds
629,Dinguiraye,GN,11.3,-10.72,91.17,28,52,5.08,broken clouds
630,High Prairie,CA,55.43,-116.49,24.8,92,9,6.93,clear sky
631,Rancho Palos Verdes,US,33.74,-118.39,55.4,82,1,0.69,clear sky
632,Xixiang,CN,35.16,112.86,62.01,99,8,10.16,clear sky
633,Medford,US,42.33,-122.88,50.0,57,1,3.36,clear sky
634,Baisha,CN,26.52,110.93,63.64,84,100,0.58,overcast clouds
635,Naze,JP,28.37,129.48,71.6,53,13,10.29,few clouds
636,Jerantut,MY,3.94,102.36,75.4,91,94,0.87,heavy intensity rain
637,Quatre Cocos,MU,-20.21,57.76,69.8,68,40,13.87,shower rain
638,Ancud,CL,-41.87,-73.82,64.0,45,0,12.75,clear sky
639,Alexander City,US,32.94,-85.95,61.0,66,1,10.29,clear sky
640,Vryburg,ZA,-26.96,24.73,86.25,22,98,8.12,overcast clouds
641,Bloomsburg,US,41.0,-76.45,43.0,59,0,1.01,clear sky
642,Daro,GN,8.52,-9.57,89.89,38,17,4.27,few clouds
643,Seoul,KR,37.57,126.98,59.0,54,90,6.76,overcast clouds
644,Lakefield,US,43.68,-95.17,45.0,80,1,18.34,clear sky
645,Belur,IN,13.17,75.87,67.62,87,29,2.13,scattered clouds
646,Kyaka,TZ,-1.25,31.42,77.0,65,40,9.17,scattered clouds
647,Buraydah,SA,26.33,43.98,86.0,19,0,4.7,clear sky
648,Ugoofaaru,MV,5.67,73.0,83.07,68,20,5.7,few clouds
649,Aden,YE,12.78,45.04,83.48,65,0,16.53,clear sky
650,Tombouctou,ML,20.0,-3.0,93.43,10,100,3.36,overcast clouds
651,Novokizhinginsk,RU,51.61,109.59,23.77,92,95,12.84,overcast clouds
652,Mizan Teferi,ET,6.98,35.58,66.72,90,96,0.74,light rain
653,Mangrol,IN,21.12,70.12,81.84,56,0,9.91,clear sky
654,Soyo,AO,-6.13,12.37,84.2,74,20,9.17,few clouds
655,Swan Hill,AU,-35.34,143.55,52.36,76,0,9.35,clear sky
656,Zaltan,LY,32.95,11.87,71.6,58,19,10.25,few clouds
657,Gambo,CF,4.65,22.26,82.87,69,42,4.14,light rain
658,Oranjestad,AW,12.52,-70.03,84.2,79,20,11.41,few clouds
659,Makakilo City,US,21.35,-158.09,71.6,88,75,4.7,broken clouds
660,Magadan,RU,59.57,150.8,33.21,95,100,6.24,moderate rain
661,Klaeng,TH,12.78,101.65,82.0,94,94,2.1,overcast clouds
662,Sergeyevka,KZ,53.88,67.42,36.16,83,20,12.03,few clouds
663,Port Shepstone,ZA,-30.74,30.45,63.36,80,100,2.77,light rain
664,Abnub,EG,27.27,31.15,89.6,40,0,13.87,clear sky
665,Palmer,US,42.16,-72.33,34.0,100,1,3.36,clear sky
666,Bremerton,US,47.57,-122.63,43.0,99,9,0.94,clear sky
667,Astana,KZ,51.18,71.45,21.2,100,75,4.47,fog
668,Barcelona,ES,41.39,2.16,77.0,68,0,17.22,clear sky
669,Matay,EG,28.42,30.78,81.84,42,0,14.38,clear sky
670,Dali,CN,25.7,100.18,58.48,85,14,5.06,few clouds
671,Kirov,RU,58.6,49.66,36.99,95,100,6.42,light rain
672,De Aar,ZA,-30.65,24.01,70.72,43,83,17.9,broken clouds
673,Enshi,CN,30.3,109.48,58.5,86,100,1.25,light rain
674,Junction City,US,39.03,-96.83,55.4,44,1,20.8,clear sky
675,Okato,NZ,-39.2,173.88,54.0,90,100,4.0,overcast clouds
676,Corinto,GR,37.94,22.96,69.01,40,0,3.67,clear sky
677,Kara-Tyube,RU,44.63,45.44,60.49,79,100,11.59,overcast clouds
678,Jining,CN,35.41,116.58,57.24,73,9,7.45,clear sky
679,Nizhneangarsk,RU,55.78,109.55,21.78,83,96,7.85,overcast clouds
